C:/Users/Sushant/CarREc/data/honda_civic_2014\2014_Honda_Civic_00I0I_9AhZoeci8x5_600x450.jpg,honda_civic_2014
C:/Users/Sushant/CarREc/data/honda_civic_2014\2014_Honda_Civic_00505_b05Cmb45wFu_600x450.jpg,honda_civic_2014
C:/Users/Sushant/CarREc/data/honda_civic_2014\2014_Honda_Civic_00l0l_9lKtldijjti_600x450.jpg,honda_civic_2014
C:/Users/Sushant/CarREc/data/honda_civic_2014\2014_Honda_Civic_00k0k_l8A5ZBsuwx2_600x450.jpg,honda_civic_2014
C:/Users/Sushant/CarREc/data/honda_accord_2015\2015_Honda_Accord_EX-L_V6_00i0i_5eeriJQO2Da_600x450.jpg,honda_accord_2015
C:/Users/Sushant/CarREc/data/honda_civic_2014\2014_HONDA_CIVIC_LX_01717_j5GZRXvpvlM_600x450.jpg,honda_civic_2014
C:/Users/Sushant/CarREc/data/honda_civic_2014\2014_Honda_Civic_00V0V_gbCYKmYFLjn_600x450.jpg,honda_civic_2014
C:/Users/Sushant/CarREc/data/honda_accord_2015\2015_Honda_Accord_B1vTBgzZPdS._UY560_.png,honda_accord_2015
C:/Users/Sushant/CarREc/data/honda_civic_2014\2014_Honda_Civic_Exl_00I0I_GUvQ0LPAJA_600x450.jpg,honda_civic_2014
C:/Users/Sushant/CarREc/data/honda_accord_2015\2015_Honda_Accord_00A0A_7cURT903w0c_600x450.jpg,honda_accord_2015
C:/Users/Sushant/CarREc/data/honda_civic_2014\2014_HONDA_CIVIC_LX_00a0a_hNFgTc96MK5_600x450.jpg,honda_civic_2014
C:/Users/Sushant/CarREc/data/honda_civic_2014\2014_Honda_Civic_00U0U_7EuObGFC9oj_600x450.jpg,honda_civic_2014
C:/Users/Sushant/CarREc/data/honda_civic_2014\2014_Honda_Civic_00202_eODBbyCvFlv_600x450.jpg,honda_civic_2014
C:/Users/Sushant/CarREc/data/honda_civic_2014\2014_Honda_Civic_00u0u_3JpG4cJODLl_600x450.jpg,honda_civic_2014
C:/Users/Sushant/CarREc/data/honda_accord_2015\2015_honda_SALVAGE_accord_00g0g_3GAiTBHawwM_600x450.jpg,honda_accord_2015
C:/Users/Sushant/CarREc/data/honda_accord_2015\2015_Honda_Accord_LX_00K0K_l3bGkWKfJqk_600x450.jpg,honda_accord_2015
C:/Users/Sushant/CarREc/data/honda_accord_2015\2015_Honda_accord_4-door_sedan_00y0y_82Xvycvnru1_600x450.jpg,honda_accord_2015
C:/Users/Sushant/CarREc/data/honda_accord_2015\2015_Honda_accord_4-door_sedan_00l0l_iFTt43hAll4_600x450.jpg,honda_accord_2015
C:/Users/Sushant/CarREc/data/honda_accord_2015\2015_Honda_Accord_LX_01313_2rOU5jcgNvE_600x450.jpg,honda_accord_2015
C:/Users/Sushant/CarREc/data/honda_civic_2014\2014_Honda_Civic_00000_gfdjhFyoyka_600x450.jpg,honda_civic_2014
C:/Users/Sushant/CarREc/data/honda_city_2004\2004_Honda_City_00g0g_30Yqib6QnPF_600x450.jpg,honda_city_2004
C:/Users/Sushant/CarREc/data/honda_civic_2014\2014_HONDA_CIVIC_LX_00303_hS2REO1eQ17_600x450.jpg,honda_civic_2014
C:/Users/Sushant/CarREc/data/honda_civic_2014\2014_Honda_Civic_00d0d_fwYC01oColI_600x450.jpg,honda_civic_2014
C:/Users/Sushant/CarREc/data/honda_accord_2015\2015_Honda_Accord_71DoTAO5q0L._UY560_.jpg,honda_accord_2015
C:/Users/Sushant/CarREc/data/honda_accord_2015\2015_Honda_Accord_A1-MdaufXFL._UY560_.png,honda_accord_2015
C:/Users/Sushant/CarREc/data/honda_accord_2015\2015_Honda_Accord_00j0j_1eBPtcv1dX5_600x450.jpg,honda_accord_2015
C:/Users/Sushant/CarREc/data/honda_accord_2015\2015_Honda_Accord_LX_01212_dMlkKLkGmKY_600x450.jpg,honda_accord_2015
C:/Users/Sushant/CarREc/data/honda_accord_2015\2015_Honda_Accord_Sport_00000_1zwIMmW72Ji_600x450.jpg,honda_accord_2015
C:/Users/Sushant/CarREc/data/honda_accord_2015\2015_Honda_Accord_LX_01616_fEz21gh72h_600x450.jpg,honda_accord_2015
C:/Users/Sushant/CarREc/data/honda_accord_2015\2015_Honda_Accord_A1mPkQ7XXhL._UY560_.png,honda_accord_2015
C:/Users/Sushant/CarREc/data/honda_accord_2015\2015_Honda_Accord_B1-vT-ZehQS._UY560_.png,honda_accord_2015
C:/Users/Sushant/CarREc/data/honda_city_2004\2004_Honda_City_00I0I_4ZnBWnbTSZ0_600x450.jpg,honda_city_2004
C:/Users/Sushant/CarREc/data/honda_civic_2014\2014_Honda_Civic_00c0c_37HbeLPPZnJ_600x450.jpg,honda_civic_2014
C:/Users/Sushant/CarREc/data/honda_civic_2014\2014_Honda_Civic_00L0L_b5t6mGKSryr_600x450.jpg,honda_civic_2014
C:/Users/Sushant/CarREc/data/honda_civic_2014\2014_Honda_Civic_00a0a_fd2RYTqplPY_600x450.jpg,honda_civic_2014
C:/Users/Sushant/CarREc/data/honda_accord_2015\2015_Honda_Accord_00b0b_i393OIfdBfW_600x450.jpg,honda_accord_2015
C:/Users/Sushant/CarREc/data/honda_accord_2015\2015_Honda_Accord_71Bg6J7XJaL._UY560_.jpg,honda_accord_2015
C:/Users/Sushant/CarREc/data/honda_accord_2015\2015_Honda_Accord_B1s6rT6kFqS._UY560_.png,honda_accord_2015
C:/Users/Sushant/CarREc/data/honda_civic_2014\2014_HONDA_CIVIC_LX_00o0o_8AnwoRg5yyC_600x450.jpg,honda_civic_2014
C:/Users/Sushant/CarREc/data/honda_civic_2014\2014_HONDA_CIVIC_LX_00E0E_lwSAuvIaImu_600x450.jpg,honda_civic_2014
C:/Users/Sushant/CarREc/data/honda_civic_2014\2014_Honda_Civic_00v0v_34jRXHJVDPa_600x450.jpg,honda_civic_2014
C:/Users/Sushant/CarREc/data/honda_civic_2014\2014_Honda_Civic_01414_5ydDAEV4vC9_600x450.jpg,honda_civic_2014
C:/Users/Sushant/CarREc/data/honda_accord_2015\2015_Honda_Accord_B1gfdRxW-bS._UY560_.png,honda_accord_2015
C:/Users/Sushant/CarREc/data/honda_accord_2015\2015_honda_SALVAGE_accord_00g0g_8wgmYv3CwKc_600x450.jpg,honda_accord_2015
C:/Users/Sushant/CarREc/data/honda_civic_2014\2014_Honda_Civic_00U0U_aoUsakakPTi_600x450.jpg,honda_civic_2014
C:/Users/Sushant/CarREc/data/honda_accord_2015\2015_Honda_Accord_Sport_00A0A_cyIMXwfjXn_600x450.jpg,honda_accord_2015
C:/Users/Sushant/CarREc/data/honda_accord_2015\2015_Honda_Accord_B1oLaHZx6TS._UY560_.png,honda_accord_2015
C:/Users/Sushant/CarREc/data/honda_accord_2015\2015_Honda_Accord_B1idUHltmJS._UY560_.png,honda_accord_2015
C:/Users/Sushant/CarREc/data/honda_accord_2015\2015_Honda_Accord_01616_aRDPLS8Mp5S_600x450.jpg,honda_accord_2015
C:/Users/Sushant/CarREc/data/honda_accord_2015\2015_Honda_Accord_B1EHGBzAOuS._UY560_.png,honda_accord_2015
C:/Users/Sushant/CarREc/data/honda_civic_2014\2014_Honda_Civic_00c0c_jTiqMXhvEpY_600x450.jpg,honda_civic_2014
C:/Users/Sushant/CarREc/data/honda_accord_2015\2015_Honda_Accord_71KxkdKmvwL._UY560_.jpg,honda_accord_2015
C:/Users/Sushant/CarREc/data/honda_accord_2015\2015_Honda_Accord_Sport_01010_fo5B6HaoO8v_600x450.jpg,honda_accord_2015
C:/Users/Sushant/CarREc/data/honda_accord_2015\2015_Honda_Accord_A17vgDODIsL._UY560_.png,honda_accord_2015
C:/Users/Sushant/CarREc/data/honda_accord_2015\2015_Honda_Accord_LX_00L0L_9oWx9W9kkNJ_600x450.jpg,honda_accord_2015
C:/Users/Sushant/CarREc/data/honda_accord_2015\2015_Honda_Accord_A1ZrOitjLmL._UY560_.png,honda_accord_2015
C:/Users/Sushant/CarREc/data/honda_civic_2014\2014_HONDA_CIVIC_LX_00x0x_ikNj8fihl1O_600x450.jpg,honda_civic_2014
